,apple_id,spotify_id,artist,title,popularity
0,1424,4wFUdSCer8bdQsrp1M90sa,Tim McGraw,Highway Don't Care,66
1,1412,6FB3v4YcR57y4tXFcdxI1E,Taylor Swift,I Knew You Were Trouble.,77
2,3587,11qh54D0PKkBwelpDxxiEU,Little Big Town,Girl Crush,68
3,1506,0p1HtkrNYxv0iDfEKwXSTp,Blake Shelton,Sangria,68
4,2247,1ipcb9qXpSHWhSUvdxJhsx,Randy Travis,"Forever and Ever, Amen",77
5,2257,3CeCwYWvdfXbZLXFhBrbnf,Taylor Swift,Love Story (Taylor’s Version),78
6,2783,3IJCSQoLF4YzPAKaxq2JLb,Janelle Monáe,Yoga,50
7,3615,5yIiXdLRE85OBiQmCaUenq,Blake Shelton,Sure Be Cool If You Did,56
8,4701,0gY2iq0xJPRoIB1PScKSw4,Blake Shelton,Honey Bee,66
9,2941,15DeqWWQB4dcEWzJg15VrN,Taylor Swift,Our Song,70
10,2321,7dL2kSVsBelmkQHbkNkx1l,Blake Shelton,Hillbilly Bone (feat. Trace Adkins),53
11,2877,1zvQt99d5oTkEQLmSoO1yu,Blake Shelton,Mine Would Be You,61
12,2212,79uDOz0zuuWS7HWxzMmTa2,Taylor Swift,Back To December (Taylor's Version),73
13,2939,11EX5yhxr9Ihl3IN1asrfK,Lady A,Need You Now,73
14,3279,5YqltLsjdqFtvqE7Nrysvs,Taylor Swift,We Are Never Ever Getting Back Together (Taylor's Version),74
15,2881,1MDogqDrStFSO9cdUTUFem,Blake Shelton,Doin' What She Likes,52
16,3105,6fxVffaTuwjgEk5h9QyRjy,Ed Sheeran,Photograph,71
17,3091,1VdZ0vKfR5jneCmWIUAMxK,Ed Sheeran,The A Team,73
18,2138,03fT3OHB9KyMtGMt2zwqCT,Luke Bryan,Play It Again,77
19,3061,1huvTbEYtgltjQRXzrNKGi,Ed Sheeran,Don't,71
20,3607,4YjjNHtEsTX6Af4mCTupT5,Rascal Flatts,Bless The Broken Road,72
21,2269,2OXidlnDThZR3zf36k6DVL,Lady A,Just A Kiss,66
22,3297,05GsNucq8Bngd9fnd4fRa0,Taylor Swift,Begin Again (Taylor's Version),69
23,1798,530J9GupahE2O4a1iVkQxB,Jidenna,Classic Man (feat. Kendrick Lamar) - Remix,49
24,1568,1DgtQlVNotingln271ZKCx,Chris Stapleton,White Horse,77
25,3111,1Slwb6dOYkBlWal1PGtnNg,Ed Sheeran,Thinking out Loud,68
26,1664,2YlZnw2ikdb837oKMKjBkW,Meghan Trainor,Like I'm Gonna Lose You (feat. John Legend),81
27,1858,3G7XYAwtxtoGK7fAm4IlD9,Jidenna,Classic Man (feat. Roman GianArthur),58
28,1828,7AsODjpT6JoDYa04o1d1F7,Alessia Cara,Here - Live Off The Floor (Bonus Track),25
29,3049,12B0Twa9kRz45Xw2PgXHJm,Ed Sheeran,Afire Love,57
30,3287,30Y4CV7A6YqtQtTTo7Ue4j,Taylor Swift,Mean (Taylor's Version),68
31,1810,5ubHAQtKuFfiG4FXfLP804,Ed Sheeran,Lego House,72
32,2132,6OGS2JJM14gkWDE9bOEk7k,Jason Aldean,Tonight Looks Good on You,65
33,2857,3duP6mBVDsHM8ioN7o7dAK,Little Big Town,Boondocks,66
34,1536,4B0JvthVoAAuygILe3n4Bs,Justin Bieber,What Do You Mean?,83
35,3251,70eDxAyAraNTiD6lx2ZEnH,Elle King,Ex's & Oh's,74
36,2831,0vFMQi8ZnOM2y8cuReZTZ2,Carrie Underwood,Blown Away,63
37,1692,0ygAYQQy7bfDN6gH640bbl,Ed Sheeran,Wake Me Up,51
38,1438,1qrpoAMXodY6895hGKoUpA,Taylor Swift,You Belong With Me (Taylor’s Version),81
39,3271,6sXK2Fq7Ibi3SN6qYyQgIG,Miranda Lambert,Fastest Girl in Town,49
40,1682,5Ukzlujip1Slqka5OY82YS,Ed Sheeran,U.N.I.,52
41,1668,0obzwoGjXdORtAwYWZ9s53,Ed Sheeran,Grade 8,50
42,4141,0DiWol3AO6WpXZgp0goxAV,Daft Punk,One More Time,80
43,3377,1f1wT6Q7Buxb3OD0BqMW8O,Ed Sheeran,I See Fire,70
44,2146,3DK6m7It6Pw857FcQftMds,Kanye West,Runaway,83
45,2184,0eBFgRxyVSeuT4iyrbukdn,Luke Combs,Where the Wild Things Are,84
46,4055,5O8Tg0laVqXLT9tvcdQyL2,Alessia Cara,Here - 2:00 AM Version,38
47,1586,1K39ty6o1sHwwlZwO6a7wK,Taylor Swift,Wildest Dreams (Taylor's Version),75
48,1490,7x5xYW5W42OGPAdHUyyguy,R. City,Locked Away (feat. Adam Levine),82
49,1562,3CeCwYWvdfXbZLXFhBrbnf,Taylor Swift,Love Story (Taylor’s Version),78
50,1368,1ipcb9qXpSHWhSUvdxJhsx,Randy Travis,"Forever and Ever, Amen",77
51,2100,6vSwxzO2Qf4BinHSXRwZJe,Ed Sheeran,Tenerife Sea,54
52,2110,7CyPwkp0oE8Ro9Dd5CUDjW,The Weeknd,"One Of The Girls (with JENNIE, Lily Rose Depp)",92
53,2160,7awwmuGslmuyhnlpFipDqk,Ed Sheeran,Shirtsleeves,50
54,1582,2pPjtn3Pd3nTueJXeizwGk,La Santa Grifa,Niña Elegante,72
55,3079,0xCA70t1ZA4fa9UOE0lIJm,Ed Sheeran,I'm a Mess,60
56,3067,0SuG9kyzGRpDqrCWtgD6Lq,Ed Sheeran,Give Me Love,70
57,3889,10RQKVSr4rS0coExTmi4dF,Carrie Underwood,Something in the Water,54
58,2102,5v4sZRuvWDcisoOk1PFv6T,Ed Sheeran,Bloodstream,63
59,2126,0N5zjRnf8AreOm95iSBXF4,Ed Sheeran,Even My Dad Does Sometimes,52
60,2148,3RauEVgRgj1IuWdJ9fDs70,Taylor Swift,The Man,79
61,1584,4LiMQ6G9n84rDUBs9wtwz6,Jordan Davis,Singles You Up,69
62,3241,1ze9WxnqqYD81CjLOkHIo4,Alessia Cara,Overdose,41
63,3081,0kfysKpwCZLiK3HR1n80vg,Alessia Cara,I'm Yours,48
64,1596,6ukMqDxnOPOgoHdak7Kyp3,Charlie Puth,Marvin Gaye (feat. Meghan Trainor),66
65,3203,1mea3bSkSGXuIRvnydlB5b,Coldplay,Viva La Vida,88
66,2188,4XNrMwGx1SqP01sqkGTDmo,Maroon 5,One More Night,74
67,3143,3S0OXQeoh0w6AY8WQVckRW,Jason Mraz,I'm Yours,80
68,2875,7795WJLVKJoAyVoOtCWqXN,Sam Smith,I'm Not The Only One,84
69,2871,2a4iE4k1IkIswThuJ3ROsw,Sam Smith,Not In That Way,54
70,2166,4AjyX21TX61oa8AFaKZmxc,Tauren Wells,Take It All Back,65
71,3237,16w8ZGVSjI4TlTLV8VimBY,Halsey,Castle,66
72,1346,5MsZIaCYY6Tsdph0LiB0hE,Fall Out Boy,Alone Together,60
73,3193,3G7XYAwtxtoGK7fAm4IlD9,Jidenna,Classic Man (feat. Roman GianArthur),58
74,3197,530J9GupahE2O4a1iVkQxB,Jidenna,Classic Man (feat. Kendrick Lamar) - Remix,49
75,2245,6GXgd1BPD9bUpqw5AntGV5,Taylor Swift,All You Had To Do Was Stay (Taylor's Version),68
76,2228,1p80LdxRV74UKvL8gnD7ky,Taylor Swift,Blank Space,72
77,1684,1huvTbEYtgltjQRXzrNKGi,Ed Sheeran,Don't,71
78,1690,5v4sZRuvWDcisoOk1PFv6T,Ed Sheeran,Bloodstream,63
79,2611,3tKAuyZm1eLdmkZekqezic,Pentatonix,The Baddest Girl,26
80,2765,04nemEju86ULMJ1iy6EAsF,Pentatonix,Natural Disaster,34
81,1704,1Slwb6dOYkBlWal1PGtnNg,Ed Sheeran,Thinking out Loud,68
82,3285,4gbVRS8gloEluzf0GzDOFc,Maroon 5,Maps,84
83,3217,6b8Be6ljOzmkOmFslEb23P,Bruno Mars,24K Magic,84
84,2291,0a7BloCiNzLDD9qSQHh5m7,Fall Out Boy,"Dance, Dance",78
85,3209,2Fk0WwAqTBesLtKg97nojy,Thomas Rhett,Crash and Burn,65
86,3299,2iuZJX9X9P0GKaE93xcPjk,Maroon 5,Sugar,81
87,2707,0inMKhbKWOTDA9UBUAKoU6,Bruno Mars,Natalie,61
88,3277,1NpDnkQO0yWxTtntrC0UNz,Rihanna,California King Bed,68
89,3205,6BtmXhTJMM9sBTHeYYASGz,Imagine Dragons,It's Time,67
90,3189,6ciLLh4TkPYDUfNxn2Z0KO,Selena Gomez & The Scene,Hit The Lights,59
91,2995,4CClW2SptqxoGjSxBMQt5A,Lupe Fiasco,Bitch Bad,30
92,3213,6TwfdLbaxTKzQi3AgsZNzx,Maroon 5,Daylight,64
93,2122,6qAcApH8obo8eqatCKUHd9,Taylor Swift,Bad Blood (feat. Kendrick Lamar) (Taylor's Version),73
94,1518,6qAcApH8obo8eqatCKUHd9,Taylor Swift,Bad Blood (feat. Kendrick Lamar) (Taylor's Version),73
95,3223,3ZAMtgYJFoHwJjFkhkXqKr,Big Sean,Dance (A$$) Remix,61
96,3195,18hj0s8eHtGt30whr2PGXB,Pentatonix,Royals,44
97,1772,5AspukpHyZuTciR17YPSrS,Pentatonix,Aha!,41
98,3269,6Xs7OKt6i0Ddq8B4M5Dgvr,Halsey,New Americana,61
99,2315,4sieuDUZuvGySckrUxCgN2,Dream Wonderland,Yoga Rain,64
100,2543,1hWYT0w2R0J19rlVkiez7X,Lupe Fiasco,Battle Scars (with Guy Sebastian),64
101,3261,0xCA70t1ZA4fa9UOE0lIJm,Ed Sheeran,I'm a Mess,60
102,1688,6fxVffaTuwjgEk5h9QyRjy,Ed Sheeran,Photograph,71
103,3253,4pEaGoTSSU7YKu4hqor9Na,Justin Timberlake,Drink You Away,51
104,3199,5W3cjX2J3tjhG8zb6u0qHn,Daft Punk,"Harder, Better, Faster, Stronger",73
105,3211,5kNe7PE09d6Kvw5pAsx23n,Thomas Rhett,Die A Happy Man,75
106,3215,3LlAyCYU26dvFZBDUIMb7a,Imagine Dragons,Demons,74
107,1666,12B0Twa9kRz45Xw2PgXHJm,Ed Sheeran,Afire Love,57
108,3265,6K8qKeWo5MsFED7wCR6Kop,Ed Sheeran,Sing,68
109,3249,4oIHQ7BXApxvJ42yX0d5Qj,Childish Gambino,II. Worldstar,52
110,3201,2bL2gyO6kBdLkNSkxXNh6x,Maroon 5,Animals,82
111,3293,1lHXlGlve5Zx8tXLhyjDwM,Maroon 5,Makes Me Wonder,64
112,3219,32mVHdy0bi1XKgr0ajsBlG,Taylor Swift,Picture To Burn,65
113,1824,0Tel1fmuCxEFV6wBLXsEdk,Ed Sheeran,Kiss Me,68
114,3283,4u26EevCNXMhlvE1xFBJwX,The Band Perry,If I Die Young,67
115,3295,13YQutqrAhT5iX9HOctlu5,Maroon 5,Leaving California,48
116,1448,4SQLQfcR0vhyIN4uPBlc0d,AJR,Bang!,72
117,2118,3wdvFJv9nXCmnBNzP2pMTo,Mackenzie Carpenter,I Wish You Would (ft. Midland),68
118,3229,2xsAm4w9P3kSF1DophKAiF,James Bay,Let It Go,67
119,3019,6fOqEAXCwboCO4BdzbZG1K,Pentatonix,La La Latch (Sam Smith/Disclosure/Naughty Boy Mashup),42
120,3243,4G8gkOterJn0Ywt6uhqbhp,Imagine Dragons,Radioactive,73
121,3247,50kpGaPAhYJ3sGmk6vplg0,Justin Bieber,Love Yourself,85
122,2785,6ukvsBzq4d1vBsAUmz7ZVt,Pentatonix,Daft Punk,55
123,3273,0NTMtAO2BV4tnGvw9EgBVq,Rihanna,Bitch Better Have My Money,76
124,3259,5TvFfDlVoUWZvfqrhTJzD7,Ed Sheeran,One,60
125,2761,0vcyzDe6aoYTg6jM0U0T9r,Pentatonix,Love Again,43
126,3231,4lnnde7PnrXR3pUzQKBe6X,Carrie Underwood,Little Toy Guns,48
127,3023,4hxemf0pE0mSzubgsfRLWu,Pentatonix,Rather Be (Clean Bandit Cover),45
128,1488,75W3SngKzTuoQ94uLf3y82,Taylor Swift,How You Get The Girl (Taylor's Version),66
129,3255,6pf9datdAtxQj4EU8UYHSx,Nick Jonas,Levels,53
130,2757,5djjmpqAOlne6d5RSHQmvu,Pentatonix,Valentine,32
131,3191,3jmHMBoFlXy3swI6d9DCxQ,Maroon 5,If I Never See Your Face Again,26
132,3207,4XNrMwGx1SqP01sqkGTDmo,Maroon 5,One More Night,74
133,3165,2X6b7zLdIxCejd6GqVcQ9M,Childish Gambino,3005,80
134,3233,1qrpoAMXodY6895hGKoUpA,Taylor Swift,You Belong With Me (Taylor’s Version),81
135,2263,1hR8BSuEqPCCZfv93zzzz9,Taylor Swift,Welcome To New York (Taylor's Version),69
136,3289,1m39XApxHXb2UkGItyyIUO,Maroon 5,Unkiss Me,49
137,3257,5HxyJa6E8OXdYKKfufrbKE,Alessia Cara,Seventeen,47
138,1968,1ExfPZEiahqhLyajhybFeS,Bruno Mars,The Lazy Song,75
139,2823,7lXOqE38eCr979gp27O5wr,Bruno Mars,If I Knew,68
140,2313,4jIQ0wouzKHbi1fYHORIN0,Zedd,Clarity (feat. Foxes) - Tiësto Remix,45
141,1964,22PMfvdz35fFKYnJyMn077,Bruno Mars,Marry You,80
142,3239,33X31N1WgDSkWN7GxfpkPb,Billy Gilman,When We Were Young - The Voice Performance,24
143,3291,5TqBAOIBe0bQA0spNdcG3k,DJ Khaled,For Free (feat. Drake),55
144,3263,3ArYVrRb0lDBLzuJJqIXzC,Alessia Cara,River Of Tears,57
145,3245,32VoLNDXBTeE786Qma2pv8,Alessia Cara,Stars,35
146,1694,6vSwxzO2Qf4BinHSXRwZJe,Ed Sheeran,Tenerife Sea,54
147,1860,7oolFzHipTMg2nL7shhdz2,Ed Sheeran,Eraser,57
148,1894,51ChrwmUPDJvedPQnIU8Ls,Ed Sheeran,Dive,73
149,5117,04YRSuoGZcAj9kj57c6utu,millkzy,RUSSIAN ROULETTE(I ADORE U),69
150,3141,2RttW7RAu5nOAfq6YFvApB,Ed Sheeran,Happier,76
151,1662,0tgVpDi06FyKpA1z0VMD4v,Ed Sheeran,Perfect,89
152,1754,6PJ8FF6UR8FZXfEvpHkIVN,Ed Sheeran,How Would You Feel (Paean),65
153,3305,6PCUP3dWmTjcTtXY02oFdT,Ed Sheeran,Castle on the Hill,80
154,1652,7qiZfU4dY1lWllzX7mPBI3,Ed Sheeran,Shape of You,89
155,1742,5HDPtsnyb3maFmPL8LLUTG,Ed Sheeran,New Man,61
156,3301,1IgePMOW0qEe1AViWgkal9,SZA,Pretty Little Birds (feat. Isaiah Rashad),68
157,3303,6TIU9Ehmi6dMzZK73Ym4yj,Ed Sheeran,Save Myself,59
158,3321,5wTVNpi5WDByxBgKgUE6MU,SZA,Supermodel,71
159,3349,19woxaSpjOefa2JnAOoqW5,SZA,Garden (Say It Like Dat),70
160,3339,593W4qZOwwdqF6YnimJjL6,SZA,Doves In The Wind (feat. Kendrick Lamar),73
161,3319,35QZaWQRkmnAVqBF1TLCxQ,Ed Sheeran,Nancy Mulligan,68
162,3345,6gU9OKjOE7ghfEd55oRO57,SZA,The Weekend,77
163,3337,0q75NwOoFiARAVp4EXU4Bs,SZA,Love Galore (feat. Travis Scott),80
164,3315,3Lfiu5sZ4M4B6JaKMBc0FU,Ed Sheeran,Barcelona,62
165,3075,1f1wT6Q7Buxb3OD0BqMW8O,Ed Sheeran,I See Fire,70
166,3343,5yvhdo8FXbBsIllxv2Rr94,SZA,Prom,69
167,3307,0afhq8XCExXpqazXczTSve,Ed Sheeran,Galway Girl,81
168,3313,4VuS959DSpr82t3qBqCrWG,Ed Sheeran,Supermarket Flowers,74
169,3311,2pJZ1v8HezrAoZ0Fhzby92,Ed Sheeran,What Do I Know?,65
170,3309,2dfHh7ECGxfNqZTQno09Vk,Ed Sheeran,Hearts Don't Break Around Here,60
171,3361,0tV8pOpiNsKqUys0ilUcXz,Andra Day,Rise Up,75
172,3341,06u5LrUpbosQlQ1QJFhPpG,SZA,Drew Barrymore,75
173,3353,0336UwEBwBBao8uWCuugYr,SZA,Anything,60
174,5119,5J4ZkQpzMUFojo1CtAZYpn,Ariana Grande,Love Me Harder,82
175,3351,2fXwCWkh6YG5zU1IyvQrbs,SZA,Broken Clocks,83
176,3357,5fQBa4wkmq28xpSLOQ202K,SZA,Normal Girl,77
177,5101,1nueTG77MzNkJTKQ0ZdGzT,Maroon 5,Don't Wanna Know (feat. Kendrick Lamar),66
178,3317,6SznMYPQJHzr3IwsAHLId2,Ed Sheeran,Bibia Be Ye Ye,59
179,3355,3LcoHjgdNl4xtWVaJGSA1p,SZA,Wavy (Interlude) (feat. James Fauntleroy),58
180,2599,5mMoySkxdUWlTw6X2l4egi,Pentatonix,We Are Young,42
181,3363,5uCax9HTNlzGybIStD3vDh,James Arthur,Say You Won't Let Go,85
182,3359,4h6ViRoztTBpWcJ1zFT9Zg,SZA,20 Something,72
183,3375,0N5zjRnf8AreOm95iSBXF4,Ed Sheeran,Even My Dad Does Sometimes,52
184,5109,0TFBANCgctg5hAt9ez2V2g,The Stylistics,You Are Everything,60
185,3365,2xsAm4w9P3kSF1DophKAiF,James Bay,Let It Go,67
186,3367,7awwmuGslmuyhnlpFipDqk,Ed Sheeran,Shirtsleeves,50
187,3371,1gHF0I223J5pv06SuBcmkz,Ed Sheeran,The Man,51
188,3395,6RUhbFEhrvGISaQ8u2j2JN,Ariana Grande,Dangerous Woman,72
189,5121,7gwLQ4tZ5UdZ7qNcDyJ8wr,Maroon 5,Cold (feat. Future),65
190,2787,1bukNCD9JEwNp235Ov0iZH,Pentatonix,Run to You,41
191,2028,1xu91y5jf13yxAssdfsbPt,Jazmine Sullivan,In Love With Another Man,56
192,3327,0pJfsPQesJyCnR5XWZyvj9,Ed Sheeran,This,50
193,5105,7uDUb37h7Xdhza1eWMkoJv,Chase Atlantic,Friends,85
194,3369,3GKSfF6c3Rv3a1knSjxnXa,Ed Sheeran,Nina,54
195,3323,4RnCPWlBsY7oUDdyruod7Y,Ed Sheeran,Drunk,62
196,3325,4z1O25cq9g2kuJemmUxc21,Ed Sheeran,Small Bump,59
197,1698,2VmA7bm5ECiYZfw7x4Nzku,Ed Sheeran,Runaway,55
198,3397,6wwrYruEgWlowPDZMq5116,Beyoncé,Blow,56
199,3399,7mKLeYLFcRT9ZZXioSohIT,Doja Cat,Nunchucks,42
200,3401,1yvSMyZn27M4wEslpSvB0D,Doja Cat,So High,73
201,3373,2dmOWlEHrP266Qgz6wnUrd,Ed Sheeran,Take It Back,51
202,5099,1nX9KhK3Fff27SnrIor2Yb,2 Chainz,4 AM,61
203,5103,1ljzHUgt2SU2ADkhfa9eBC,Janelle Monáe,Tightrope (feat. Big Boi) - Big Boi Vocal Edit,51
204,5111,49WNdS1zw5NjaqMNEARcWO,Ed Sheeran,Don't - Rick Ross Remix,41
205,5093,6Vc5wAMmXdKIAM7WUoEb7N,A Great Big World,Say Something,71
206,3347,6Vmow8PuUaU7W1T2WWLZk2,SZA,Go Gina,63
207,5097,76yLBykniz0SSNv0jj17M2,The Weeknd,Starboy (feat. Daft Punk),56
208,5107,1SfXw4CSD8RllLWnVG6AaX,Aimee-Leigh,Misbehavin' (1989),46
209,5085,43cN7vrp1gSL1e0pdvVNxA,Melanie Fiona,Wrong Side Of A Love Song,39
210,2779,1k69KJ5AsFwkbK5MOOxLHx,Pentatonix,Save the World / Don't Worry Child,39
211,5113,52gvlDnre9craz9dKGObp8,Naughty Boy,La La La,77
212,5115,2VC0FEuziY41VF0i8bFp0o,Melanie Fiona,Gone And Never Coming Back,32
213,3403,6i0V12jOa3mr6uu4WYhUBr,Twenty One Pilots,Heathens,83
214,3405,58pnv11Ku9Gak5OeeREw9C,Doja Cat,Beautiful,40
215,5095,0nj9Bq5sHDiTxSHunhgkFb,Kendrick Lamar,squabble up,91
216,1608,1qT4WewpOkOepuHixR5KzA,St. Beauty,Borders,25
217,2327,4aGG4VOWGv9RwlYQNsBrkE,Rodney Atkins,Caught Up In The Country,69
218,1736,0VhpCosvpLVUT6RItmD0v6,St. Beauty,Lucid Dreams,26
219,2867,3MJ6lFNV12FSHAOzTzkwxz,Morgan Wallen,Smile,83
220,1740,4Fg2ugWkxIkXuMAhRsRU7y,St. Beauty,Stone Mountain,15
221,2865,1GAHIJ5a6AFbIW5yjrGdAz,St. Beauty,Not Discuss It,17
222,1720,1U0bhf79qQt8ozR25aXMtH,Emeli Sandé,"Read All About It, Pt. III",50
223,1382,2Dx0UA8OwEqrZbQIs0yKXv,Josh Ross,Red Flags,64
224,10477,36vjs14mqcOXQEZrFnK0Kp,2 Chainz,Spend It,42
225,1344,3jUDmvxw0ZyGAUmyqRikMj,Andra Day,Cheers to the Fall,31
226,2943,1oYYd2gnWZYrt89EBXdFiO,The Police,Message In A Bottle,78
227,10483,4FZOSDwALdWxcGcRbwXWJ8,Kali Uchis,Tyrant (feat. Jorja Smith),62
228,10473,4j3GWI86JvSaF0BLdmgcfF,Childish Gambino,Summertime Magic,61
229,10475,17phhZDn6oGtzMe56NuWvj,Teddy Swims,Lose Control,91
230,2919,4iCZ6Cr76For1TuHUQ90r8,Morray,Quicksand,58
231,10461,21RCuMVSlblTmyYm2DnPCR,Demi Lovato,Tell Me You Love Me,61
232,10471,3JjY2L2bqql54j1SjnjQ23,Nelson,(Can't Live Without Your) Love And Affection - Remastered 2017,50
233,2903,300DUx4tdtCdGEUXR032jA,The Internet,"Palace/Curse (feat. Tyler, The Creator & Steve Lacy)",64
234,4883,79OKfIXCPbNhZa3h1ZREag,Jorja Smith,Where Did I Go?,55
235,10467,25GlFJq5QNAXyVgJvCZ4Mf,Anderson .Paak,Heart Don't Stand a Chance,57
236,10409,5Ha9IheRrkDyr7ZdhaRsWb,Steve Lacy,Ryd,68
237,10451,3GCdLUSnKSMJhs4Tj6CV3s,Kendrick Lamar,All The Stars (with SZA),95
238,10427,5IdQEHgtmj9th3OkfQKhf8,Chance the Rapper,"Blessings (feat. Ty Dolla $ign, Anderson .Paak, BJ The Chicago Kid, Raury & Jamila Woods)",50
239,4875,20YOJ81BuTLbLcBCYnFmQ1,Alina Baraz,Fantasy,55
240,10413,5xjTqz4aYQeBnFhwMPmfx9,Mila J,Kickin’ Back,66
241,4059,17jeLyQcEUmKv3MXeEo79k,Lil Duval,"Smile (Living My Best Life) (feat. Snoop Dogg, Ball Greezy & Midnight Star)",48
242,10479,7p4vHnYXkxlzvfePJVpcTr,Childish Gambino,Feels Like Summer,72
243,1450,1UjyF6okUHhnVxaLV8ojsA,Anderson .Paak,Am I Wrong (feat. ScHoolboy Q),54
244,10439,586T4NFpg34rcFG3q7y2I3,Emeli Sandé,My Kind Of Love,37
245,10435,56RfNBJGUgL1ZFCB1KEJrQ,Janelle Monáe,Django Jane,43
246,10429,16Of7eeW44kt0a1M0nitHM,Cobra Starship,You Make Me Feel... (feat. Sabi),73
247,10463,6K4Co1NQyOnoFEJMkZHkln,Rihanna,James Joint,63
248,10415,39xVzbZDVYROIkoI0wJU7k,Ravyn Lenae,Closer (Ode 2 U),43
249,10449,0MIJFuEJpmgSjNjkbq29TQ,Gracie Abrams,Blowing Smoke,74
250,10403,2qT1uLXPVPzGgFOx4jtEuo,Ariana Grande,no tears left to cry,78
251,10465,2fvdQ1Uq04qE4RLN5zKBXS,Tom Misch,Disco Yes,60
252,10411,3EaJDYHA0KnX88JvDhL9oa,Steve Lacy,Dark Red,86
253,3163,4S9igu2YyLNTUdP6UTlGb0,Chizzy Stephens,Catching Villains,54
254,1730,4lFfMRH0YH4pW5gczTDbNC,Queen Naija,Medicine,67
255,1822,5dzV75f9qVXVvdXLTqIG4L,Janelle Monáe,Primetime (feat. Miguel),48
256,3157,5Yfq9uugLFchtFymQQWxgt,Janelle Monáe,I Got the Juice (feat. Pharrell Williams),39
257,10481,7nJZ9LplJ3ZAyhQyJCJk0K,Janelle Monáe,Dirty Computer (feat. Brian Wilson),39
258,10421,1ljzHUgt2SU2ADkhfa9eBC,Janelle Monáe,Tightrope (feat. Big Boi) - Big Boi Vocal Edit,51
259,10423,0NG5gJzPHjYeQmqcmqfopN,Chris Brown,Don't Judge Me,66
260,10437,1Z2MfAx1nJ09NzGjodnvRW,Janelle Monáe,Screwed (feat. Zoë Kravitz),43
261,10455,430qNtapCS3Ue1yoSql1oV,"Tyler, The Creator",I Ain't Got Time!,62
262,10431,5OpiyfqaQLdtwHd3SfembH,Janelle Monáe,Pynk (feat. Grimes),48
263,10425,5S5rw0WLVCAux5B5bWCehK,Rascal Flatts,I Like The Sound Of That,68
264,10445,6zEOfBb85G0Vaau5skdAUG,Maroon 5,Whiskey (feat. A$AP Rocky),40
265,10453,3wwoB2eYeGnuOSuIYqXEdl,Chevelle,Closure,59
266,10417,5Fw17rh1qEC6YoT32BijNI,Janelle Monáe,Take a Byte,37
267,10447,59nOXPmaKlBfGMDeOVGrIK,Future,WAIT FOR U (feat. Drake & Tems),84
268,4871,00B7TZ0Xawar6NZ00JFomN,Cardi B,Best Life (feat. Chance The Rapper),50
269,10459,2x0WlnmfG39ZuDmstl9xfX,Taylor Swift,End Game,74
270,10419,06EAtSDu3KSoi4fbA3ZjoB,Janelle Monáe,"Crazy, Classic, Life",40
271,4165,1E2qfOtDbT1NPaGQnI3L12,Andra Day,What the World Needs Now Is Love,42
272,10443,3hhbDnFUb2bicI2df6VurK,Leon Bridges,River,77
273,3585,2EcsgXlxz99UMDSPg5T8RF,Labrinth,Beneath Your Beautiful (feat. Emeli Sandé),67
274,2271,3HW030T8eqPs8wpsgZqCGM,Janelle Monáe,Q.U.E.E.N. (feat. Erykah Badu),46
275,1350,7p2ewixAShLpjDZrnzZK7c,Cardi B,Get Up 10,55
276,10469,1ZozJfi8u9cO2Ob8KwiwNT,Creed,Higher,80
277,10407,57nOpVSc3j9o03Cr928ZM4,XXXTENTACION,what are you so afraid of,65
278,1864,6Hn9Uc1mMNfqChXU3txNke,Ne-Yo,Mad,73
279,2120,74cVJfmK18rhWnscIpGXjt,Cardi B,Thru Your Phone,72
280,10405,7uPmQttafLiJyju14JREY4,David Bowie,Young Americans - 2016 Remaster,61
281,10433,57flcTcVRtzuJjVZn18dGu,Calmly,"Cold Nights, Warm Dreams",71
282,10441,7c3SbTuufigBWURcICnAWy,Anderson .Paak,Tints (feat. Kendrick Lamar),57
283,3133,1Xsxp1SEOxuMzjrFZhtw8u,Emeli Sandé,Next To Me,53
284,10457,1bhUWB0zJMIKr9yVPrkEuI,Ed Sheeran,Perfect Duet (Ed Sheeran & Beyoncé),69
285,3441,4lJNen4SMTIJMahALc3DcB,Sia,"Thunderclouds (feat. Sia, Diplo, and Labrinth)",69
286,3439,100eDEmpWV5YGVCqHI0leU,Sia,"Audio (feat. Sia, Diplo, and Labrinth)",62
287,3445,6Dma0t0hOe6Bd6u5YRKF3n,Sia,"No New Friends (feat. Sia, Diplo, and Labrinth)",56
288,3437,4xigPf2sigSPmuFH3qCelB,Sia,"Genius (feat. Sia, Diplo, and Labrinth)",75
289,3435,6k71NlTnn41Vk7RJX7CSbY,Sia,"Angel in Your Eyes (feat. Sia, Diplo, and Labrinth)",47
290,3451,4TlbZgqxhJ6uN3tpVyjw90,Sia,"Genius (feat. Sia, Diplo, and Labrinth) - Lil Wayne Remix",53
291,3443,0HCDvbGNsigLpkzCDwpKVr,Sia,"Mountains (feat. Sia, Diplo, and Labrinth)",48
292,2897,1TEL6MlSSVLSdhOSddidlJ,Ariana Grande,needy,71
293,3433,2mMQFumTaHcwMZsiNE57Um,Sia,"Welcome to the Wonderful World of (feat. Sia, Diplo, and Labrinth)",42
294,2931,7pKfPomDEeI4TPT6EOYjn9,John Lennon,Imagine - Remastered 2010,77
295,3447,2VDTgXwf3F6kcpX4HI0BKy,Sia,"Heaven Can Wait (feat. Sia, Diplo, and Labrinth)",50
296,2911,2hloaUoRonYssMuqLCBLTX,Ariana Grande,bloodline,78
297,1406,6ocbgoVGwYJhOv1GgI9NsF,Ariana Grande,7 rings,84
298,1398,3e9HZxeyfWwjeyPAMmWSSQ,Ariana Grande,"thank u, next",80
299,2901,4uTvPEr01pjTbZgl7jcKBD,Ariana Grande,NASA,64
300,1400,4kV4N9D1iKVxx1KLvtTpjS,Ariana Grande,"break up with your girlfriend, i'm bored",76
301,3783,3Giw6C0tPg9XFbopWRjRVO,PJ Morton,Alright - Live,33
302,2887,3wFLWP0FcIqHK1wb1CPthQ,Ariana Grande,fake smile,63
303,3777,3ht2PBKbkqSJ0XEkQuNHnZ,PJ Morton,First Began,46
304,3781,59n8t2h8uKaKWfq1vBgyvY,PJ Morton,Religion (feat. Lecrae) - Live,28
305,3789,2oREwvo9bbvxnMPQyKmBoN,PJ Morton,Go Thru Your Phone,34
306,1388,3IX0yuEVvDbnqUwMBB3ouC,Olivia Rodrigo,bad idea right?,80
307,1394,4cluDES4hQEUhmXj6TXkSo,One Direction,What Makes You Beautiful,85
308,3779,1nR45hPphraeLSO5utjH7T,PJ Morton,Claustrophobic (feat. Pell),35
309,3617,5jFpDZYzYFb0YLHpR4l4Kw,PJ Morton,Sticking to My Guns,39
310,1392,5BoIP8Eha5hwmRVURkC2Us,Jason Derulo,In My Head,66
311,3787,4hh7PsbpzyuorZWrn9uhVS,PJ Morton,They Gon' Wanna Come,34
312,3785,5EjEUW3OLWDcFR3JTnenIM,PJ Morton,Everything's Gonna Be Alright (feat. BJ the Chicago Kid & The HamilTones) - Live,30
313,3719,0GGSPe4DC0qkKyFb9Erao5,Snoh Aalegra,Fool For You,59
314,2236,4SBVWkRIMJ6WBCYPvr5Bwr,Anderson .Paak,Make It Better (feat. Smokey Robinson),60
315,1396,2vdBo4ALPYbHRUPKgtE5iC,Ariana Grande,ghostin,69
316,3791,3SjAiqAQ6sMmsJBeVw0nMf,PJ Morton,How Deep Is Your Love (feat. Yebba) - Live,64
317,2281,6RpunyUP44SDweJPDScLSF,Anderson .Paak,Come Home (feat. André 3000),54
318,2172,1BSZGNpIm2nBt1hWSK2bRp,Anderson .Paak,Good Heels (feat. Jazmine Sullivan),54
319,3449,3j4lctlzJqDLNZjTLmc9CV,Sia,"It's Time (feat. Sia, Diplo, and Labrinth)",45
320,2168,70pZIQqQ37SrNCADx0FiPN,Anderson .Paak,Jet Black (feat. Brandy),56
321,2240,3AN70xkC9i9fFBpKlukRhY,Anderson .Paak,Winners Circle,48
322,2238,577g1tDBKntqev2lLDydxs,Anderson .Paak,Reachin' 2 Much (feat. Lalah Hathaway),47
323,2170,51rXHuKN8Loc4sUlKPODgH,Jay Rock,"King's Dead (with Kendrick Lamar, Future & James Blake)",71
324,1710,5LRhh638m5uoVRV4tXWrbj,The Paragon Project,Time Is a Teacher (feat. Deshawn Goncalves),0
325,1564,5YcPaD42EIHnDSDE5FT5Xe,Cardi B,Leave That Bitch Alone,30
326,1542,5XdHz3HfGGOsvdhe06oxts,Cardi B,Lick (feat. Offset),43
327,2333,2YpeDb67231RjR0MgVLzsG,Lil Nas X,Old Town Road (feat. Billy Ray Cyrus) - Remix,75
328,1538,6GBEjkFlNzM2trwa8rgnIU,Cardi B,Hectic (feat. DJ Hardwerk),32
329,2899,1f5PNhkNgUpvDEeZfcIlO1,Cardi B,I Do (feat. SZA),64
330,2301,2qT1uLXPVPzGgFOx4jtEuo,Ariana Grande,no tears left to cry,78
331,2094,5DfWF0jqMgZDCiu9zJENTA,Cardi B,Ring (feat. Kehlani),66
332,3577,3NWTRZ0A8xKlBP1qgNftql,The Internet,Special Affair,61
333,1376,6KBYefIoo7KydImq1uUQlL,Cardi B,Bodak Yellow,73
334,2210,2sU9EjevkrU9OkPZudvFNN,Imagine Dragons,Believer (feat. Lil Wayne),61
335,5073,4P5KoWXOxwuobLmHXLMobV,Nirvana,Come As You Are,80
336,3901,2FY7b99s15jUprqC0M5NCT,Imagine Dragons,Natural,81
337,4991,2RSHsoi04658QL5xgQVov3,Imagine Dragons,Bad Liar,81
338,1352,2qcG0nZ6S3zZV0UrkY5nFo,Cardi B,Drip (feat. Migos),55
339,2096,58q2HKrzhC3ozto2nDdN4z,Cardi B,I Like It,77
340,2311,30VHURM5NOfoZmqp2iKawS,Kacey Musgraves,Butterflies,67
341,1570,4EzkcqltSOxYE2lstuLOFs,Toosii,Pull Up (feat. 21 Savage),59
342,1338,57bgtoPSgt236HzfBOd8kj,AC/DC,Thunderstruck,86
343,2913,4rK0tm0Xj3k33p52wzs72s,Ollie,Non-fiction,42
344,1498,1PS1QMdUqOal0ai3Gt7sDQ,Kanye West,Gold Digger,80
345,5011,2Yl4OmDby9iitgNWZPwxkd,Cardi B,Be Careful,69
346,2969,4pNzBbGcqXofx8mLBPTeih,Lady Gaga,Killah (feat. Gesaffelstein),81
347,1512,1BZG99C7Co1r6QUC3zaS59,Selena Gomez,Same Old Love,69
348,3161,1MCpVJ7tFCQR7qPYmxFL2s,Annie,Anthonio - Berlin Breakdown Version Remastered,43
349,1508,15DrrIod12Tc2IoMaHiwlQ,Imagine Dragons,I Bet My Life,60
350,2224,6KuHjfXHkfnIjdmcIvt9r0,Imagine Dragons,On Top Of The World,69
351,1496,3YEbLhXRDPTtctnb3ddg8g,Megan Thee Stallion,Big Ole Freak,62
352,1580,0Z2ZuiZ9kxO5zqxrPLcBUV,Hikaru Utada,Passion - after the battle,35
353,2915,3PFaFVWq5wucLu6s4baj9D,The Internet,Girl (feat. KAYTRANADA),64
354,1554,1LoriJC05IrHIDwj3q0KC1,Selena Gomez,Hands To Myself,67
355,3409,0CALOqrkXAE7WB2nyIATLk,Hikaru Utada,Face My Fears (English Version),53
356,4037,2rMAtCaTj16NptyVfEIeAC,Megan Thee Stallion,Cash Shit (feat. DaBaby),66
357,1408,3HWzoMvoF3TQfYg4UPszDq,Lizzo,Truth Hurts,71
358,1372,17Yq72h0p15OhCbZ5lJ5gd,Cardi B,Bickenhead,50
359,2335,6VixoRqnikN4QqegoKUSbH,Ludacris,Pimpin' All Over The World,55
360,1480,4Q3ERWBrb4lhDvAPyANjY5,Don Henley,The Boys Of Summer - Remastered 2024,78
361,1866,0pqnGHJpmpxLKifKRmU6WP,Imagine Dragons,Believer,87
362,2993,4UCcMs2pI6qFVaqaYTMn8m,Remixdj,Good for You - Instrumental Version,14
363,2981,75MSZRbAbQuzfUV3Pefvut,Jhené Aiko,None Of Your Concern (feat. Big Sean),62
364,2283,3eN46sMTppXYMAyWi37wn1,Drake,Come Thru,65
365,1616,5z51HY4ei5QhTjcvwq5Msw,Wale,On Chill (feat. Jeremih),61
366,1620,6Vdyu21iT8qScU1haSjWUU,Quality Control,"Leave Em Alone (Layton Greene, Lil Baby feat. City Girls, PnB Rock)",65
367,5207,1Q7EgiMOuwDcB0PJC6AzON,Daniel Caesar,Best Part (feat. H.E.R.),80
368,1486,7EkiMl81fUHVwpItgtzI4r,Summer Walker,I'll Kill You (feat. Jhené Aiko),68
369,2955,2yUy5eFAFWAichjrySJWA2,Jhené Aiko,Happiness Over Everything (H.O.E.) (feat. Future & Miguel),52
370,2214,2Fxmhks0bxGSBdJ92vM42m,Billie Eilish,bad guy,82
371,1492,0FIDCNYYjNvPVimz5icugS,The Weeknd,Timeless (feat Playboi Carti),93
372,2905,6WC5YDTKztcTU3tWux0Jk1,H.E.R.,Something Keeps Pulling Me Back,42
373,1850,1F0tYkzGNjogSmx49DiaBa,Lolo Zouaï,Brooklyn Love,43
374,1442,1gqkRc9WtOpnGIqxf2Hvzr,Kanye West,On Sight,75
375,1466,07nH4ifBxUB4lZcsf44Brn,Calvin Harris,Blame (feat. John Newman),82
376,2927,6WVSnyKQGzs1fosa2I3FMQ,Free Nationals,Shibuya (feat. Syd),62
377,2957,63wx9vdskaXbYxyDx4oJCZ,Jhené Aiko,B.S. (feat. H.E.R.),69
378,3989,6QFCMUUq1T2Vf5sFUXcuQ7,Justin Bieber,Beauty And A Beat,83
379,2861,7Ffgp7DIow5wECYQyzEiTq,Ari Lennox,BMO,51
380,3977,48KXAIruJ07kJVCWOGohMV,Jhené Aiko,P*$$Y Fairy (OTW),64
381,1434,5irqvOUbWsUefjZ8KPSQ66,6LACK,Luving U,56
382,3997,1UrxBDCv9kDRIBUc2oskNR,Free Nationals,Gidget (feat. Anderson .Paak & T.Nava),55
383,1484,2V8OJ8i3WBh4Los9wG6OKQ,6LACK,Learn Ya,50
384,1452,697zIbTO0LMhupzGblYREm,Action Bronson,Imported Goods,63
385,2293,47YxktAwOYF7RXfDbBuzI6,Day Sulan,Slide-In (feat. YG),15
386,1454,4A48ckONJNoXU5smWT9CeG,Jalen Ngonda,If You Don't Want My Love,76
387,2949,3zPgAKn5tbmCuCKrR3r7qE,Jhené Aiko,Triggered (freestyle),60
388,4735,0Ri0LzOMJmqi9HGZE5cRYV,Jazmine Sullivan,Need U Bad,55
389,4873,6JsHgIkMYHcbNtKfsal2Mg,Tory Lanez,Jerry Sprunger (with T-Pain),62
390,5065,4EWCNWgDS8707fNSZ1oaA5,Kanye West,Heartless,85
391,3979,28WNotZoSqhjFHPwaeiFLA,Teyana Taylor,How You Want It? (feat. King Combs),56
392,1444,3ucRKbRlikYHyoI17gfR0c,Kehlani,All Me (feat. Keyshia Cole),56
393,2124,4ns1XFP3W5JPyzvnAjMdHD,UGK,Int'l Players Anthem (I Choose You) (feat. Outkast),64
394,1482,5ByAIlEEnxYdvpnezg7HTX,The Notorious B.I.G.,Juicy - 2005 Remaster,77
395,1500,7KSSdFCBHCfq4KPzz78ghk,Lil Baby,Heatin Up (feat. Gunna),66
396,2230,4wuCQX7JvAZLlrcmH4AeZF,Ed Sheeran,Cross Me (feat. Chance the Rapper & PnB Rock),60
397,2303,5oKxax66OjT1ZD8UTCy61h,Jhené Aiko,Sativa,54
398,2909,7uBWy2zZ0c9wyUMD1hiEQO,H.E.R.,Racks (feat. YBN Cordae),41
399,3431,5byMYiGxEFH2UzqNWOztGW,UMI,Introspection,41
400,2859,5aOpKCKguEnViGOKZxZern,City Girls,Take Yo Man,49
401,1464,4jBfUB4kQJCWOrjGLQqhO0,The Weeknd,The Morning,75
402,2869,5N1o6d8zGcSZSeMFkOUQOk,Megan Thee Stallion,Hot Girl Summer (feat. Nicki Minaj & Ty Dolla $ign),62
403,3993,1gTUeWaEzyiWR7e0RIMRSa,Jhené Aiko,Sativa (feat. Swae Lee),33
404,5077,6r3duEAfFTH83DuoywkG20,Lauv,Feelings,67
405,2285,78QR3Wp35dqAhFEc2qAGjE,Lil Baby,Drip Too Hard (Lil Baby & Gunna),80
406,5123,6nBQFAIVFmAx2oZ8p6lUg6,Lizzo,Tempo (feat. Missy Elliott),59
407,1440,7G0pRsKrF1Q0kY7XMsez6u,Ya Boy Karaoke,She Knows (In the Style of Ne-Yo feat. Juicy J) [Instrumental Version],1
408,5127,0k664IuFwVP557Gnx7RhIl,Lizzo,Juice,68
409,1548,1Nk1kQx3HmUaobcAu9S26f,Tommy Richman,ACTIN UP,77
410,1456,1FdjGON62xLxgPZW8BGeHS,City Girls,Period (We Live),37
411,1544,0RRm4OS5ymfZryXBuj0G2m,City Girls,Twerk (feat. Cardi B),62
412,1366,0JXXNGljqupsJaZsgSbMZV,Miguel,Sure Thing,86
413,1374,5VA4Ispp52EA1sOqzMz3Av,Miguel,All I Want Is You (feat. J. Cole),74
414,1522,5ctk3VJoHoURSiwkCJn2bf,Miguel,How Many Drinks?,65
415,3773,7swGurTfZlwx7mTOE8PpIc,SZA,Sweet November,63
416,3121,3t844ssjXzE9M3SDtUxTI4,Jhené Aiko,Eternal Sunshine,59
417,3711,630Ug0XtmhhFvAKo0PNuEI,UMI,Remember Me,61
418,1534,3fH4KjXFYMmljxrcGrbPj9,Simple Minds,Don't You (Forget About Me),77
419,2963,1m8WpLYXEiNVZchsWEcCSy,Miguel,Come Through and Chill (feat. J. Cole & Salaam Remi),66
420,3995,3f3cliOygeuUpGRwdohy12,H.E.R.,Comfortable,62
421,3745,25cUhiAod71TIQSNicOaW3,Miguel,Adorn,73
422,2158,708tNyhEmoEsAqD6lux7gz,Leven Kali,Nunwrong,25
423,1364,6HUO25AttZZCoKAY0vUVtc,Kehlani,You Know Wassup,60
424,2178,1E3VQQWFQAPJkXfYHjqWoI,Megan Thee Stallion,Captain Hook,63
425,1334,5wsHLrhch5EIS6nsgld6y2,Jhené Aiko,B.S. (feat. Kehlani) - Remix,43
426,3127,2G8tfTExxzpRKssKzKwDYV,Hikaru Utada,Simple And Clean,56
427,4977,1RDLbX9L2G4zDqxXCaMJo5,6LACK,Long Nights,60
428,2343,5WoaF1B5XIEnWfmb5NZikf,Miguel,Sky Walker (feat. Travis Scott),74
429,5063,7qFhAfUbytgPIVz4TYb3hT,Leven Kali,Do U Wrong (feat. Syd),47
430,1764,39KiTKARPALXdEYaG5tqFM,Dreamville,BUSSIT (with Ari Lennox),42
431,4177,3gTK8TzE4on9Xe05QlVIFI,Gucci Mane,Big Booty (feat. Megan Thee Stallion),51
432,2309,30VHURM5NOfoZmqp2iKawS,Kacey Musgraves,Butterflies,67
433,1686,6KOc6ViZB8NtfCVABmTe66,Jazmine Sullivan,Let It Burn,55
434,1834,3GJ4hzg4lrGwU51Y3VARbF,Dan + Shay,Speechless,68
435,1384,2xyx0o4xNOLLjBSbOOdcbA,Summer Walker,Playing Games (with Bryson Tiller) - Extended Version,75
436,2297,1ZZBpYcE6uw4vsZwhXGv0e,Sia,To Be Human (feat. Labrinth),49
437,1634,0nhn7LuuuJVgGvczKCxL9M,CCOLA,DREAMING,2
438,1788,4iNz1e0dALH8BqoLExdRNG,BRWN,chocolate (feat. Horim),1
439,1744,7yPkaHwI1RILlhFiWrdGkU,Colde,Lighter,28
440,1800,20BxzpGJ18yF8JW9JkI5aB,Balming Tiger,JUST FUN!,38
441,1614,0fiYcTgkSZ1E3kZdDlSgkO,Colde,WA-R-R,64
442,1776,48EmbbJ2SI6lX6mDixxkwo,SEORA,Blur (Prod. Snow-Key),7
443,1680,7djFSU9JiTXxKzD7jQMmHC,Kim Mi Jeong,How to Love (Feat. BIGONE),16
444,1780,7IwFJcwizQHj94ZWk0KSnd,KittiB,Make Me Better,19
445,1792,1joLvqSBVz1UeCX2CjfPuM,george,fallin (feat.Liss),23
446,1816,70DVA4wY7aKItEs0B5X3Zu,george,Take care (Prod. L-like),29
447,1756,3ZjLlymaEWP0Sa9aGzLtCR,NOAIR X DAUL,B W/ u (feat. MRSHLL),3
448,1884,6B7UkKAmS6uXfKCvDxKInO,Choi Ga Eun,Thinking About You,2
449,1882,46CBJtc2XYcOzv6PI4OWGR,LEE SUHYUN,ALIEN,45
450,1602,25dnhaDe5FBFmcqgS8OTEH,KIARA,TOMBOY,11
451,10731,7bCfHiRcfUjG0YVVNUL7Ve,CORPSE,E-GIRLS ARE RUINING MY LIFE!,65
452,1632,4rxXZ0j1KPaIIh5jcLBATF,meenoi,sunbeam,27
453,1592,72uerGsS3eLO72OU4fZLjj,sogumm,yayou hoi,32
454,1814,4sTAVny7kGT8YOwJIMRage,Yerin Baek,0415,34
455,4973,01SWJLhrJbBX7AV6qA45Fx,CRUCiAL STAR,even though i love you (feat. JEMINN),26
456,3119,5Xe4fAuhqxQRSjTWNZLSqJ,Jhené Aiko,Spotless Mind,64
457,3763,7GPstnufSTScEaw9dMxO9H,SZA,Childs Play (feat. Chance the Rapper),69
458,3769,0FclB23LoCgzu0jm9VOPuq,SZA,Green Mile,48
459,10729,6Ac8Byr6GByGr3wDH7JjYh,Lil Peep,white tee,76
460,3775,2EToRpTwkuy7B0Hi74g7jF,SZA,Omega,46
461,10723,1P1j7RHJ1rv5hRbjookpCI,punchnello,"Boiling Point (feat. Simon Dominic, Tabber) (Prod. by 0channel)",35
462,5019,35o9a4iAfLl5jRmqMX9c1D,Backstreet Boys,Shape of My Heart,73
463,1790,11oa2RKpIaAmK91iLjQoqe,Cherry Coke,ratherkillyou,11
464,10733,3FAclTFfvUuQYnEsptbK8w,Amy Winehouse,Back To Black,82
465,2218,1m8WpLYXEiNVZchsWEcCSy,Miguel,Come Through and Chill (feat. J. Cole & Salaam Remi),66
466,4129,4PMqSO5qyjpvzhlLI5GnID,SZA,Good Days,84
467,2208,6I9VzXrHxO9rA9A5euc8Ak,Britney Spears,Toxic,85
468,10727,3w8Mw9GHYepoTWOSdiyosj,Sisqo,Incomplete,64
469,2991,4pmU8AtVu9qU40Xd9zjEfA,Fall Out Boy,"A Little Less Sixteen Candles, A Little More ""Touch Me""",64
470,2130,1oagRT7LfpVlNJN6FSZDGp,Fall Out Boy,"This Ain't A Scene, It's An Arms Race",72
471,5009,1nRwyxNsqCLeA17qR8Nfxx,Backstreet Boys,Quit Playing Games (With My Heart),60
472,1892,0njAAvNO3XYddlosJSZEgx,LIM KIM,ALL RIGHT - Remix,7
473,2299,2TfSHkHiFO4gRztVIkggkE,Fall Out Boy,"Sugar, We're Goin Down",79
474,1836,1BybndP1YgPEIk6WUnL6kT,Arin Ray,Reckless,50
475,1888,7M7IOOxwJpr6Fwf3YQbBCB,Syd,Over (feat. 6LACK),38
476,10725,3Pzh926pXggbMe2ZpXyMV7,Cage The Elephant,Ain't No Rest for the Wicked,76
477,5021,3BsaRV5QIulYz2lV9WWa8T,Backstreet Boys,Show Me the Meaning of Being Lonely,70
478,1422,5UhndFQNpVwz8aTddcVsMl,MRSHLL,DO U (feat. Queen WA$ABII) - Radio Edit,1
479,2180,4lq4yY0y3XqDQZsx03ITaH,Backstreet Boys,I'll Never Break Your Heart,52
480,10721,54b8qPFqYqIndfdxiLApea,Heart,Alone,76
481,3761,7sg9ToL94GAiksETi5GZGz,SZA,Ur,52
482,10719,5ZQNP26MVDie7pPsXzjBrh,Haeil,crisis (feat. CIKI),27
483,10735,5svY8mnFDKMsZ5WcRaah3M,Waterflame,Hexagon Force,44
484,2387,161DnLWsx1i3u1JT05lzqU,Bruno Mars,Talking to the Moon,85
485,3743,6iUFlR4E2dfY9RzqEuzSce,Miguel,Kaleidoscope Dream,38
486,2937,2i9gBA2yLG1wCCKHQGKAyz,Jhené Aiko,Tryna Smoke (feat. MicahFoneCheck),32
487,2921,4eYG3dbR174o9ZGgYTMdNY,Jhené Aiko,Down Again (feat. Wiz Khalifa),38
488,3975,3DarAbFujv6eYNliUTyqtz,Doja Cat,Kiss Me More (feat. SZA),84
489,1624,1s8tP3jP4GZcyHDsjvw218,Jason Mraz,93 Million Miles,51
490,3453,7BXW1QCg56yzEBV8pW8pah,Jason Mraz,Have It All,66
491,3461,7HTHt4ssmovXitoLMvWZ7u,Jason Mraz,Wise Woman,47
492,3459,4tK4ARuilOrBzwVQK73E0Y,Jason Mraz,The Remedy (I Won't Worry),62
493,3135,53QF56cjZA9RTuuMZDrSA6,Jason Mraz,I Won't Give Up,73
494,2815,6FPQabaldvKE5cjqRfY9Os,Bruno Mars,Money Make Her Smile,56
495,3987,2sQH02O2HBCPJCztBrCWNa,Ariana Grande,"34+35 Remix (feat. Doja Cat, Megan Thee Stallion) - Remix",64
496,2112,1vBeIXlzbAieGoDqInav5j,Cardi B,Money Bag,51
497,1474,3B0ms7Xlxl16tRztKHpcu9,Seals and Crofts,Summer Breeze,71
498,3125,2nGFzvICaeEWjIrBrL2RAx,Corinne Bailey Rae,Put Your Records On,80
499,1870,0Aa3g9EQoPNt6PiKjaUeb7,H.E.R.,Every Kind Of Way,65
500,4009,2GGMabyHXnJmjY6CXhhB2e,Cardi B,Money,70
501,4895,2siIhRYyrbKp9rGFAD4TVx,Jhené Aiko,Magic Hour,50
502,1446,7FMqPuhsyqfA65Mw0QgU1i,Jason Mraz,"Lucky (feat. Colbie Caillat) - Live at the Charter One Pavilion, Chicago, IL, 8/13/2009",37
503,2967,6Uj1ctrBOjOas8xZXGqKk4,Doja Cat,Woman,83
504,4065,3FAzlNPlVImGsbjnHHft6K,Alessia Cara,Wild Things - Acoustic Version,49
505,2885,5VSCgNlSmTV2Yq5lB40Eaw,John Newman,Love Me Again,66
506,2959,1CeizRCGEYPWooEeVfmyFL,Jill Scott,A Long Walk,58
507,1428,6HMtHNpW6YPi1hrw9tgF8P,Lizzo,About Damn Time,76
508,1678,1le5KVGTF1xWf2aUj7ruLy,Colbie Caillat,Fallin' For You,60
509,1640,6HQGvFpCVErOGaTkdwGqkh,ALTON KIING,Pretty Brown Skin,34
510,1674,0rFOs9paloAvEtzwDX1Kmc,Colbie Caillat,Bubbly,68
511,4869,0wY9rA9fJkuESyYm9uzVK5,SiR,D'Evils,69
512,1472,1NNUcz8YMp6OKElVufO1Sj,sammy rash,smile more,54
513,2114,1k31wrxoxxtoOcIj88OK2d,Calmly,Another Dimension,73
514,2973,4LKYOetuIF5c9XjeLBL9av,Chappell Roan,Naked In Manhattan,79
515,2377,7l1qvxWjxcKpB9PCtBuTbU,Bruno Mars,Count on Me,75
516,5071,6gH1UKDAhWS6qXzKXB4wuY,Jack Harlow,Hello Miss Johnson,76
517,4057,7maQglVERmzrHmUwgsMFmw,Ebony Jenae,Little Brown Girl,37
518,3981,3zHq9ouUJQFQRf3cm1rRLu,Ellie Goulding,"Love Me Like You Do - From ""Fifty Shades Of Grey""",78
519,2987,7CH99b2i1TXS5P8UUyWtnM,Thundercat,Them Changes,71
520,2975,0W6I02J9xcqK8MtSeosEXb,Doja Cat,Get Into It (Yuh),74
521,2194,3oXNIpoUMdk8qGkwCeXqGv,Musiq Soulchild,Halfcrazy,63
522,2134,4J7CKHCF3mdL4diUsmW8lq,Calvin Harris,Under Control (feat. Hurts),77
523,4053,2wrJq5XKLnmhRXHIAf9xBa,Dan + Shay,"10,000 Hours (with Justin Bieber)",74
524,4981,1Q0lOGB52skgfzdcq233vs,Ms. Lauryn Hill,Nothing Even Matters (feat. D'Angelo),64
525,2128,7rha7gubXd3NJmBYGOAkeO,India.Arie,I Am Not My Hair - Featuring Akon,38
526,2024,7zqM7Wm2xJLZ50qAnTLoHD,Jazmine Sullivan,"Lions, Tigers & Bears",51
527,2162,741OE401HO7ZCaPhEqCZ7w,Maxwell,This Woman's Work - Remastered 2021,59
528,3131,6buXDkw3Gv4fQC1OZKUhnR,Colbie Caillat,Try,56
529,4043,0d28khcov6AiegSCpG5TuT,Gorillaz,Feel Good Inc.,88
530,2325,12ILYlOEfWL8ei0BEgFJn0,Steve Lacy,N Side,73
531,1676,5MwIGPDKeDb7SpblcaQP6O,Charlie Puth,One Call Away,72
532,4189,5kqIPrATaCc2LqxVWzQGbk,Lukas Graham,7 Years,82
533,1540,7DfFc7a6Rwfi3YQMRbDMau,Frank Ocean,Thinkin Bout You,86
534,2190,6PXKqJMn67xcO4Oz3g910s,Pip Millett,Something Bout The Rain,36
535,2279,2VjXGuPVVxyhMgER3Uz2Fe,Ms. Lauryn Hill,Ex-Factor,76
536,1976,7BqBn9nzAq8spo5e7cZ0dJ,Bruno Mars,Just the Way You Are,88
537,5053,1rNrkdsYifXmB4aGxSbJ1k,Calmly,Breathing,70
538,1514,2PzYqACbv12FNhrlHPfJEH,Jill Scott,He Loves Me (Lyzel in E Flat),53
539,3881,7BqHUALzNBTanL6OvsqmC1,Marshmello,Happier,84
540,3969,6RUKPb4LETWmmr3iAEQktW,The Chainsmokers,Something Just Like This,89
541,3455,3S0OXQeoh0w6AY8WQVckRW,Jason Mraz,I'm Yours,80
542,5025,00V8KJuZ0a089fa25Lc9t7,Andy Grammer,Fine By Me,64
543,1502,2JUQ7mV1AHk2owXLydmN4Z,Bruno Mars,Love's Train,66
544,1812,78mehkHd1WUDxhcLXkbrLb,Jill Scott,So In Love - feat. Anthony Hamilton,47
545,5055,48iWbsOaBUAGzMdoSmqyg1,Live,Lightning Crashes,72
546,1820,09ZcYBGFX16X8GMDrvqQwt,The Script,For the First Time,62
547,2136,5odlY52u43F5BjByhxg7wg,JVKE,golden hour,78
548,1340,2E43WFS4rRc09za2r2GmZl,Fall Out Boy,My Songs Know What You Did In The Dark (Light Em Up),77
549,3973,2mX2iJ6rw3ja90OPzHrmHT,Jill Scott,Crown Royal,43
550,1526,7A5bb5lFySrohhjVJSujqr,Blurred Figures,"slowly, surely",51
551,2012,2Kh1dZBgQAJQ2ZQ6AjMQdp,Lupe Fiasco,Fighters (feat. Matthew Santos),35
552,1648,72FdcAg79So8xaAHs2mbrB,Lupe Fiasco,Old School Love (feat. Ed Sheeran),44
553,3879,3CRDbSIZ4r5MsZ0YwxuEkn,Twenty One Pilots,Stressed Out,85
554,1332,5xMGrKAdfo5RDUychxfMYQ,P-Lo,Good (feat. Larry June),44
555,2353,2QfX9Pdz3q66fN3kCXl0Js,Zach Bryan,Revival,77
556,5211,21gPFGOCD2RaU21tpyQntS,Damien Styles,Bad Bitch Energy,41
557,5015,6ep8Ijqnm2hLecjN74zeCK,Andy Grammer,The Good Parts,41
558,3123,0WtM2NBVQNNJLh6scP13H8,Rema,Calm Down (with Selena Gomez),81
559,1708,70eFcWOvlMObDhURTqT4Fv,Ed Sheeran,Beautiful People (feat. Khalid),71
560,1622,1lbjDy6IIerHFGZWKG0hno,André 3000,"I swear, I Really Wanted To Make A ""Rap"" Album But This Is Literally The Way The Wind Blew Me This Time",51
561,1528,51RriaGnB6VILb54rXHKj8,Trxy!,Realize,67
562,3183,5lvdCRZG3XyQ7Ea0oKclCP,André 3000,Dreams Once Buried Beneath The Dungeon Floor Slowly Sprout Into Undying Gardens,39
563,3175,1D7g7ZejXNy4GdbDAPSg2i,André 3000,BuyPoloDisorder's Daughter Wears A 3000® Shirt Embroidered,41
564,3177,0LVCuBsPmGaYvGV3IOMXFy,André 3000,Ninety Three 'Til Infinity And Beyoncé,43
565,1410,08vjsE3N31ai3ARwj5uW2i,TLC,Dear Lie,41
566,2945,1ElGmhauttS9p7LwmHG9uM,Gigi Perez,Sometimes (Backwood),73
567,2889,0ll8uFnc0nANY35E0Lfxvg,Keane,Somewhere Only We Know,78
568,1416,6eyFfSsaYDSGYWOHXTuJsZ,Jelly Roll,Unpretty,62
569,5067,2NIBaWXdjaTDmytjjwbEfP,Taylor Swift,Eyes Open (Taylor's Version),60
570,1556,0w9LJae3sVlZlH2CnxTInF,Blake Shelton,God Gave Me You,63
571,2989,1ehPJRt49h6N0LoryqKZXq,Alessia Cara,How Far I'll Go - Alessia Cara Version,64
572,4063,6mb6lVLNrcUgLnEN8QnDJd,Auli'i Cravalho,How Far I'll Go,74
573,2092,3zn6r8zqyZBuiOa7PrAtPm,Rihanna,Consideration - Dirty South Remix,17
574,5057,5lR3vawpMtZd2TgcBx4hBn,CardlinAudio,Baaaaby Let Me Go Back to Sleep,3
575,1728,6qspW4YKycviDFjHBOaqUY,TLC,Waterfalls,76
576,1530,7bKxc7UstlRxOtNBvLjGSs,The Internet,It Gets Better (With Time),54
577,2925,7kSnTetIKAJZpKV2kEBHsv,Boyz II Men,I Will Get There - A Cappella,35
578,1402,4kte3OcW800TPvOVgrLLj8,Ne-Yo,Let Me Love You (Until You Learn To Love Yourself),70
579,2893,697zIbTO0LMhupzGblYREm,Action Bronson,Imported Goods,63
580,2323,0DiDStADDVh3SvAsoJAFMk,Jonas Brothers,Only Human,71
581,1872,0ODFPypnJLE6hKgahiuSzn,Musiq Soulchild,teachme,56
582,3623,3mdsDgWOkTDOUWboBAMIxI,TLC,I'm Good at Being Bad,35
583,5023,3hlhefxgyp4MDnN6C2dQ5H,Backstreet Boys,All I Have to Give,53
584,2265,3RzYbj6Rr6mSJCar4Ua86F,VIOLENT VIRA,I Don't Care,70
585,2329,5LhQeOmCi8wHGQfI3AwusF,Karaoke Backtrax Library,The Sweet Escape (Originally Performed by Gwen Stefani Feat. Akon) [Karaoke Version],5
586,5059,6rAdT9bfctsXeF4p23OxfK,Juelz Santana,Oh Yes,45
587,2295,2PzYqACbv12FNhrlHPfJEH,Jill Scott,He Loves Me (Lyzel in E Flat),53
588,1414,1KGi9sZVMeszgZOWivFpxs,TLC,No Scrubs,82
589,5069,6AzzMupvtP4u4B8d5OWVUi,Brandy,Brokenhearted (feat. Wanya Morris) - Single Version,44
590,3671,2nGFzvICaeEWjIrBrL2RAx,Corinne Bailey Rae,Put Your Records On,80
591,3423,4OafepJy2teCjYJbvFE60J,Ariana Grande,breathin,71
592,4029,5hHvFrMnwic82WwRLr4WY0,Megan Thee Stallion,Her,63
593,3551,1JWwhVWHVd63gAMvmW5Lvx,Bento Beats,"Again (From ""Fruits Basket"") [Lofi]",2
594,3549,45zpnfxtinvdUOSYKqJKdP,Bento Beats,"For Fruits Basket (From ""Fruits Basket"") [Lofi]",1
595,4023,0NEMefYAVKeRUNyosJVRi6,S.I.A.T Stuck in a Tree,Stay In My Lane,54
596,3795,5zUQZjVB6bfewBXWqsP9PY,Alessia Cara,Here,77
597,3675,5Anh8jULgeUgciLHCR25Mk,Corinne Bailey Rae,Like A Star,64
598,3855,3GJ4hzg4lrGwU51Y3VARbF,Dan + Shay,Speechless,68
599,4021,5xX9NNHmSwsBuW7tBY05hD,Erica Mason,Better,43
600,4019,0Fd9LHU2Eu8RGaxchCQbaP,Tyla Jane,energy,57
601,3541,1cNbj1b8XNVAvXBOAJW0R5,Bento Beats,"Lucky Ending (From ""Fruits Basket"") [Lofi]",1
602,3667,3ekAN7Ijl9vIemCaDbh29K,India.Arie,Brown Skin,53
603,3633,3ZYKbGJ6I5adT5ozf0N6OH,VK Blanka,Lucky Ending,41
604,4001,4C8bbFSl37YUCoVeyr3Fl3,India.Arie,The Truth,52
605,4025,4YQImHflXSiIMXntcwPkx8,Cardi B,Bongos (feat. Megan Thee Stallion),66
606,4027,6UmKnXmG7VmYqFnmSPOfRj,Sexyy Red,Get It Sexyy,74
607,3545,7xdm5gqzOXyMkIzLfZ4d5j,Bento Beats,"One Step Closer (From ""Fruits Basket"") [Lofi]",1
608,3489,5vRjYNPFVvUb0MtDcgAMiC,Bento Beats,"Eden (From ""Fruits Basket"") [Lofi]",3
609,3635,3sePSu5Iv52Sf6qUNzqCT8,Ai Otsuka,Chime,37
610,4123,5b3XJ1pjrHO5JtY2PcTjnI,Megan Thee Stallion,Mamushi (feat. Yuki Chiba),77
611,4007,7DswEZZthZ6piQpL25qGAM,Victoria Monét,On My Mama,66
612,3629,12ad0oPQaR6X6Jcoqz8rcz,Beverly,Again,42
613,3729,5cENyb7BZPoG69RiDWZqwa,Deniece Williams,Black Butterfly,33
614,3797,0wI7QkCcs8FUQE1OkXUIqd,Alessia Cara,Scars To Your Beautiful,80
615,3579,6HMtHNpW6YPi1hrw9tgF8P,Lizzo,About Damn Time,76
616,3543,420PBlcSIq0wdm1oDVDRCz,Bento Beats,"Home (From ""Fruits Basket"") [Lofi]",2
617,3553,3sZHYuYpQggEcIXeVjzM8D,Bento Beats,"Chime (From ""Fruits Basket"") [Lofi]",2
618,3539,1eELVxeuDVhU1iXdqTE4mb,Bento Beats,"Haru Urara (From ""Fruits Basket"") [Lofi]",1
619,3627,6KoUNUbNrm4aiZnYQL7DKf,INTERSECTION,One Step Closer,39
620,4185,0fiijtFXDJ9MOVwgSaEQJ5,Andy Grammer,Don't Give Up On Me,79
621,3457,2qLMf6TuEC3ruGJg4SMMN6,Jason Mraz,Lucky,71
622,3619,3Ri6VyKJACmFm68wQHrsvv,WARPs UP,Pleasure,43
623,3537,7tPhgcUZm6QaBtgaT2I2jx,Bento Beats,"Prism (From ""Fruits Basket"") [Lofi]",3
624,3555,74mmTqKw69QtdHl2lazQjB,Bento Beats,"Ad Meliora (From ""Fruits Basket"") [Lofi]",1
625,3149,5YTtTbqxUzJHD3CpbNHerP,Colbie Caillat,Brighter Than The Sun,61
626,4039,0LMNckdqhd2eQr5xV5NGRi,GloRilla,Wanna Be (with Megan Thee Stallion & Cardi B) - Remix,59
627,3557,66t9XXbUCy3ES8x27bwkGA,Bento Beats,"Pleasure (From ""Fruits Basket"") [Lofi]",5
628,4111,4oiAlcisfimXQc1wyAtX9a,India.Arie,Video,60
629,3637,4FSejBjuCSqv0NsJskPShe,Asako Toki,HOME,43
630,3639,7CZKnz9mEt8Z638tyY5cKL,Monkey Majik,Eden,47
631,3641,5ZXRWl6ao09loqeA6MJbdb,GENIC,春うらら,37
632,3907,6Jpcj0v0uc0IDq8ec35UGO,Evanescence,My Immortal - Band Version / Remastered 2023,43
633,3625,4rzw37fRwEoUDx7gulKKHN,THE CHARM PARK,ad meliora,44
634,4181,32l4V4t5dn90VCNqxYtbjH,Toni Jones,Take Up Space Sis,47
635,4073,2kIZPLtqtmDh3dX6HuAfD0,India.Arie,Strength Courage & Wisdom,46
636,3717,4k6Uh1HXdhtusDW5y8Gbvy,Steve Lacy,Bad Habit,84
637,4119,2susnsWoTQw1QXOfqQ0Pui,India.Arie,Chocolate High,38
638,3595,37f4ITSlgPX81ad2EvmVQr,Rachel Platten,Fight Song,77
639,1818,2kebNtlS7DqWE54Z66FZIt,Andy Grammer,Keep Your Head Up,69
640,3421,5BDVfQuzfK130LPKLsc1IA,Piano Tribute Players,Breakeven (Falling To Pieces) [Made Famous By The Script],20
641,1610,708tNyhEmoEsAqD6lux7gz,Leven Kali,Nunwrong,25
642,3865,3Te8uLyit6X3ncNW8Fp3K2,Fall Out Boy,Immortals,76
643,4583,1Tt4m8l00BI85uOr5EqXUh,GloRilla,HOLLON,66
644,3875,5wQnmLuC1W7ATsArWACrgW,My Chemical Romance,Welcome to the Black Parade,79
645,4573,3U5JVgI2x4rDyHGObzJfNf,Natasha Bedingfield,Unwritten,88
646,4115,5JtgrxeDRTTcBsYwKoYb8v,Hannah Williams,Late Nights & Heartbreak,57
647,5017,47BBI51FKFwOMlIiX6m8ya,Backstreet Boys,I Want It That Way,84
648,3887,2kLWSmKHhfUBepkIA9oNe5,YUNGBLUD,Abyss - from Kaiju No. 8,70
649,3831,1Slwb6dOYkBlWal1PGtnNg,Ed Sheeran,Thinking out Loud,68
650,1746,6mZI2vbLv1UvlclwDQ4uvc,Angie Stone,No More Rain (In This Cloud),59
651,4891,0p1BcEcYVO3uk4KDf3gzkY,Hunter Hayes,Wanted,65
652,3673,4Eq60oypgAxlX6Kp7MFQl6,Corinne Bailey Rae,Till It Happens To You,50
653,3905,1NrJYpdAi7uosDRPmSYrsG,OneRepublic,Apologize,70
654,4953,7mvma3mO5hSyhVbJDXxtFz,Mahalia,Grateful,58
655,4879,00WvmRXTkPBZNhhRK3xfdy,Backstreet Boys,As Long as You Love Me,64
656,4587,31TVho4kOuAeRmLYGIEuWn,GloRilla,TGIF,76
657,10594,6Tt2w9YR8DXUOAhjms0cpM,Nelly swing,Como El Perro Bebe Agua,34
